<?xml version="1.0" encoding="UTF-8"?>
<project-private xmlns="http://www.netbeans.org/ns/project-private/1">
    <editor-bookmarks xmlns="http://www.netbeans.org/ns/editor-bookmarks/2" lastBookmarkId="0"/>
    <open-files xmlns="http://www.netbeans.org/ns/projectui-open-files/2">
        <group>
            <file>file:/C:/Users/User/Desktop/registeration/src/registeration/Project.java</file>
            <file>file:/C:/Users/User/Desktop/registeration/src/registeration/Login.java</file>
            <file>file:/C:/Users/User/Desktop/registeration/src/registeration/Test.java</file>
            <file>file:/C:/Users/User/Desktop/registeration/src/registeration/Admin.java</file>
            <file>file:/C:/Users/User/Desktop/registeration/src/registeration/Add_product.java</file>
            <file>file:/C:/Users/User/Desktop/registeration/src/registeration/Delete_products.java</file>
            <file>file:/C:/Users/User/Desktop/registeration/src/registeration/Show_product.java</file>
            <file>file:/C:/Users/User/Desktop/registeration/src/registeration/Product.java</file>
            <file>file:/C:/Users/User/Desktop/registeration/src/registeration/Update.java</file>
            <file>file:/C:/Users/User/Desktop/registeration/src/registeration/Update_products.java</file>
            <file>file:/C:/Users/User/Desktop/registeration/src/registeration/delet_supplier.java</file>
            <file>file:/C:/Users/User/Desktop/registeration/src/registeration/show_supplier.java</file>
            <file>file:/C:/Users/User/Desktop/registeration/src/registeration/supplier_info.java</file>
            <file>file:/C:/Users/User/Desktop/registeration/src/registeration/SearchProd.java</file>
            <file>file:/C:/Users/User/Desktop/registeration/src/registeration/supplier.java</file>
        </group>
    </open-files>
</project-private>
